City_ID,City,Lat,Lng,Max Temp,Humidity,Cloudiness,Wind Speed,Country,Date
0,la foa,-21.7108,165.8276,22.61,53,1,3.63,NC,1724882539
1,waitangi,-43.9535,-176.5597,13.23,93,75,3.58,NZ,1724882094
2,invercargill,-46.4,168.35,11.12,76,55,2.68,NZ,1724882542
3,avarua,-21.2078,-159.775,26.03,73,20,7.2,CK,1724882145
4,mus,39.0,41.75,20.99,36,0,2.1,TR,1724882527
5,klyuchi,52.2667,79.1667,12.89,84,7,1.54,RU,1724882226
6,bam,29.106,58.357,30.52,14,0,2.41,IR,1724882546
7,rakvere,59.3464,26.3558,13.03,93,34,0.86,EE,1724882547
8,grytviken,-54.2811,-36.5092,2.74,88,100,1.84,GS,1724882549
9,keminmaa,65.8596,24.8228,12.87,100,0,3.09,FI,1724882551
10,puerto ayora,-0.7393,-90.3518,21.42,92,55,0.89,EC,1724882552
11,albany,42.6001,-73.9662,25.23,77,96,2.77,US,1724882256
12,crane,31.3974,-102.3501,32.5,32,37,6.07,US,1724882554
13,hyesan,41.4017,128.1778,15.54,92,38,0.29,KP,1724882555
14,ushuaia,-54.8,-68.3,-0.19,100,100,4.12,AR,1724882418
15,bilibino,68.0546,166.4372,2.88,72,100,1.9,RU,1724882054
16,russkaya polyana,49.417,31.9201,24.01,44,98,3.87,UA,1724882559
17,isafjordur,66.0755,-23.124,3.85,87,51,2.53,IS,1724882560
18,bethel,41.3712,-73.414,31.06,68,0,3.09,US,1724881975
19,north battleford,52.7834,-108.2847,14.05,94,100,5.66,CA,1724882410
20,college,64.8569,-147.8028,16.36,65,98,1.85,US,1724882563
21,ilulissat,69.2167,-51.1,5.01,87,75,2.06,GL,1724882564
22,port-aux-francais,-49.35,70.2167,5.35,97,100,13.19,TF,1724882021
23,adamstown,-25.066,-130.1015,18.72,67,36,2.37,PN,1724882566
24,manokwari,-0.8667,134.0833,25.56,82,100,1.5,ID,1724882567
25,toliara,-23.35,43.6667,21.27,80,0,2.1,MG,1724882569
26,hithadhoo,-0.6,73.0833,28.09,77,90,4.47,MV,1724882039
27,zhangye,38.9342,100.4517,23.54,48,44,1.17,CN,1724882571
28,darovskoy,58.77,47.9564,12.28,85,74,2.18,RU,1724882572
29,apatity,67.5641,33.4031,11.23,80,100,1.55,RU,1724882573
30,san antonio de pale,-1.4014,5.6325,23.2,79,23,3.72,GQ,1724882547
31,petropavlovsk-kamchatsky,53.0452,158.6483,15.33,63,0,6.0,RU,1724882575
32,roma,43.2128,-75.4557,24.82,75,100,4.12,US,1724882576
33,maumere,-8.6199,122.2111,23.85,84,83,1.51,ID,1724882577
34,sidney,-33.8679,151.2073,16.32,57,0,4.63,AU,1724882405
35,lunca,43.8333,24.7667,22.4,61,100,1.73,RO,1724882580
36,iqaluit,63.7506,-68.5145,9.85,61,20,12.86,CA,1724882034
37,gaspe,48.8334,-64.4819,18.12,48,20,8.23,CA,1724882351
38,mpika,-11.8343,31.4529,18.12,45,4,1.84,ZM,1724882584
39,mejit,10.2753,170.8646,28.37,75,36,4.68,MH,1724882384
40,prilep,41.3464,21.5544,20.03,66,100,1.56,MK,1724882586
41,yellowknife,62.456,-114.3525,19.67,72,40,3.6,CA,1724882588
42,fortaleza,-3.7227,-38.5247,27.07,74,0,7.2,BR,1724882545
43,guercif,34.2257,-3.3536,28.44,47,100,6.28,MA,1724882590
44,puerto natales,-51.7236,-72.4875,5.25,75,75,6.69,CL,1724881853
45,north bay,46.3168,-79.4663,19.01,52,40,4.63,CA,1724882592
46,nova sintra,14.8667,-24.7167,26.95,79,82,3.72,CV,1724882593
47,vorgashor,67.5833,63.95,7.27,92,69,4.48,RU,1724882053
48,mar del plata,-38.0023,-57.5575,11.01,88,0,8.05,AR,1724882595
49,wailua homesteads,22.0669,-159.378,27.08,83,51,2.24,US,1724882596
50,meraux,29.933,-89.9498,30.99,71,40,4.12,US,1724882598
51,edinburgh of the seven seas,-37.0676,-12.3116,14.13,91,96,11.15,SH,1724882014
52,tazovsky,67.4667,78.7,10.11,92,63,2.47,RU,1724882316
53,tura,25.5198,90.2201,24.26,88,40,1.15,IN,1724882601
54,the pas,53.8251,-101.2541,21.01,56,0,7.2,CA,1724882603
55,port alfred,-33.5906,26.891,8.99,59,55,2.68,ZA,1724882604
56,constantia,44.1833,28.65,21.5,74,17,0.46,RO,1724882605
57,longyearbyen,78.2186,15.6401,4.91,75,0,2.57,SJ,1724882606
58,freetown,8.484,-13.2299,21.84,94,75,2.57,SL,1724882608
59,ta`u,-14.2336,-169.5144,25.68,81,33,6.13,AS,1724882474
60,sayan,-11.1361,-77.1933,22.35,55,8,2.64,PE,1724882610
61,margaret river,-33.95,115.0667,14.02,65,99,10.73,AU,1724882047
62,jamestown,42.097,-79.2353,27.23,69,75,3.6,US,1724882541
63,fort bragg,35.139,-79.006,34.91,44,0,1.54,US,1724882613
64,colonia,50.9333,6.95,24.42,65,0,0.51,DE,1724882404
65,arraial do cabo,-22.9661,-42.0278,20.92,64,20,5.66,BR,1724882487
66,whitehorse,60.7161,-135.0538,14.43,53,100,7.2,CA,1724881997
67,thinadhoo,0.5333,72.9333,27.89,78,100,2.82,MV,1724882618
68,sailana,23.4667,74.9167,21.95,95,83,3.84,IN,1724882619
69,cheongsong gun,36.4335,129.057,21.33,92,100,4.31,KR,1724882620
70,birao,10.2849,22.7882,22.0,97,97,1.9,CF,1724882621
71,udachny,66.4167,112.4,8.23,67,95,1.77,RU,1724882622
72,punta arenas,-53.15,-70.9167,3.06,87,75,11.32,CL,1724882623
73,fisterra,42.9049,-9.2629,18.69,83,88,7.42,ES,1724882624
74,porto novo,6.4965,2.6036,25.9,91,88,2.52,BJ,1724882052
75,hamilton,39.1834,-84.5333,32.92,60,75,4.63,US,1724882435
76,yol,32.1667,76.2,24.54,82,99,0.97,IN,1724882628
77,georgetown,5.4112,100.3354,26.96,87,40,1.54,MY,1724882279
78,bartow,27.8964,-81.8431,28.05,78,75,5.66,US,1724882429
79,harpswell center,43.8018,-69.9842,23.39,67,1,2.68,US,1724882631
80,remire-montjoly,4.9167,-52.2667,25.02,83,100,4.12,GF,1724882632
81,tongchuanshi,35.0806,109.0897,19.9,77,14,2.3,CN,1724882633
82,chonchi,-42.6128,-73.8092,10.62,86,15,2.03,CL,1724882634
83,damghan,36.1683,54.348,22.61,49,1,0.23,IR,1724882635
84,san patricio,28.017,-97.5169,27.97,51,87,7.63,US,1724882046
85,tandlianwala,31.0333,73.1333,24.87,91,56,2.53,PK,1724882638
86,dudinka,69.4058,86.1778,9.95,96,92,3.48,RU,1724882639
87,shangmei,27.7428,111.2956,23.65,87,67,0.6,CN,1724882640
88,anadyr,64.75,177.4833,11.28,81,0,2.0,RU,1724882641
89,aasiaat,68.7098,-52.8699,3.55,88,100,4.75,GL,1724882642
90,blackmans bay,-43.0167,147.3167,8.07,83,99,1.34,AU,1724882611
91,changji,44.0167,87.3167,23.44,53,0,2.0,CN,1724882644
92,uturoa,-16.7333,-151.4333,26.46,79,26,4.89,PF,1724882645
93,hawaiian paradise park,19.5933,-154.9731,28.83,80,20,4.63,US,1724882647
94,noosa heads,-26.3833,153.15,20.03,77,7,5.45,AU,1724882648
95,hermanus,-34.4187,19.2345,7.11,61,98,2.46,ZA,1724882649
96,posto fiscal rolim de moura,-13.0833,-62.2667,30.65,25,5,1.31,BR,1724882650
97,santa ines,-3.6667,-45.38,29.29,34,92,0.71,BR,1724882651
98,port lincoln,-34.7333,135.8667,9.91,85,0,5.74,AU,1724882652
99,calama,-22.4667,-68.9333,22.27,11,0,8.23,CL,1724882482
100,alesund,62.4723,6.1549,15.08,94,0,2.57,NO,1724882655
101,coquimbo,-29.9533,-71.3436,11.85,78,100,3.6,CL,1724882657
102,las matas de santa cruz,19.6712,-71.5047,32.56,51,27,7.85,DO,1724882658
103,badger,64.8,-147.5333,17.21,62,100,2.57,US,1724882659
104,olonkinbyen,70.9221,-8.7187,5.93,95,100,4.93,SJ,1724882660
105,cova figueira,14.8905,-24.2934,20.73,86,57,2.65,CV,1724882661
106,ribeira grande,38.5167,-28.7,23.76,73,20,4.92,PT,1724882662
107,raymondville,26.4815,-97.7831,31.93,54,58,8.02,US,1724882663
108,holualoa,19.6228,-155.9522,27.15,82,20,4.63,US,1724882664
109,manggar,-2.8833,108.2667,26.54,77,100,4.28,ID,1724882665
110,east aurora,42.7678,-78.6134,24.45,85,97,1.79,US,1724882667
111,taltal,-25.4,-70.4833,13.49,74,31,1.13,CL,1724882668
112,wotje,9.4543,170.2367,28.49,74,92,4.75,MH,1724882669
113,bull savanna,17.8868,-77.5902,28.11,74,30,4.46,JM,1724882670
114,sao vicente,-23.9631,-46.3919,17.98,26,20,2.06,BR,1724882671
115,talnakh,69.4865,88.3972,11.42,94,84,2.33,RU,1724882672
116,panaba,21.2833,-88.2667,31.18,62,86,4.96,MX,1724882673
117,necochea,-38.5473,-58.7368,11.72,73,65,3.91,AR,1724882402
118,gunnedah,-30.9833,150.25,14.48,59,0,1.66,AU,1724882677
119,vernon,50.2581,-119.2691,22.74,28,73,2.24,CA,1724882678
120,thompson,55.7435,-97.8558,22.09,49,40,5.66,CA,1724882679
121,solnechnyy,50.7214,136.6319,17.08,94,100,2.85,RU,1724882680
122,sao jose da coroa grande,-8.8978,-35.1478,23.97,79,45,5.7,BR,1724882681
123,yemva,62.59,50.8594,10.1,74,70,2.33,RU,1724882682
124,urucara,-2.5364,-57.76,30.29,43,95,0.26,BR,1724882683
125,naze,28.3667,129.4833,26.51,88,99,6.81,JP,1724882686
126,sisimiut,66.9395,-53.6735,5.2,93,100,5.28,GL,1724882687
127,steti,50.453,14.3742,24.33,68,62,2.12,CZ,1724882688
128,geraldton,-28.7667,114.6,19.23,77,8,5.66,AU,1724882689
129,haiku-pauwela,20.9219,-156.3051,28.47,79,75,9.77,US,1724882691
130,bage,-31.3314,-54.1069,14.88,72,0,5.66,BR,1724882692
131,papatowai,-46.5619,169.4708,11.17,63,29,7.03,NZ,1724882693
132,umm kaddadah,13.6017,26.6876,28.02,60,100,4.69,SD,1724882696
133,crucecita,-28.95,-58.9833,17.53,64,33,2.87,AR,1724882697
134,conception bay south,47.4999,-52.9981,20.41,86,97,7.33,CA,1724882661
135,nuuk,64.1835,-51.7216,7.34,93,100,2.57,GL,1724882620
136,newman,37.3138,-121.0208,40.16,9,0,1.37,US,1724882259
137,west island,-12.1568,96.8225,25.99,78,94,6.17,CC,1724882701
138,loa janan,-0.583,117.095,22.86,98,100,0.74,ID,1724882702
139,luderitz,-26.6481,15.1594,11.65,63,0,12.38,NA,1724882703
140,mugumu,-1.85,34.7,19.14,60,13,1.7,TZ,1724882705
141,canto do buriti,-8.11,-42.9444,27.79,28,62,2.87,BR,1724882650
142,dryden,49.7833,-92.7503,22.16,46,0,4.63,CA,1724882707
143,tiksi,71.6872,128.8694,2.52,83,84,4.28,RU,1724882708
144,bathsheba,13.2167,-59.5167,28.51,77,24,4.08,BB,1724882709
145,ravar,31.2656,56.8055,28.29,17,0,2.19,IR,1724882710
146,lebu,-37.6167,-73.65,9.69,77,0,8.4,CL,1724882711
147,valdivia,-39.8142,-73.2459,14.05,75,0,2.49,CL,1724882543
148,chokwe,-24.5333,32.9833,21.99,71,75,6.81,MZ,1724882713
149,tahe,52.3333,124.7333,12.45,77,34,1.79,CN,1724882715
150,yuzhno-kurilsk,44.0306,145.8556,18.51,98,100,1.57,RU,1724882716
151,dikwa,12.024,13.9165,24.37,86,92,4.71,NG,1724882717
152,enriquillo,17.9,-71.2333,29.04,70,4,3.79,DO,1724882718
153,queenstown,-31.8976,26.8753,1.15,58,3,2.01,ZA,1724882719
154,tolanaro,-25.0319,46.9987,19.96,81,0,6.91,MG,1724882721
155,bonthe,7.5264,-12.505,23.79,95,100,3.83,SL,1724882723
156,kavaratti,10.5669,72.642,27.04,86,100,6.62,IN,1724882724
157,magadan,59.5667,150.8,9.47,56,57,3.97,RU,1724882725
158,gao,16.6362,1.637,30.43,51,100,3.84,ML,1724882726
159,buala,-8.145,159.5921,27.25,80,100,4.0,SB,1724882728
160,kapa'a,22.0752,-159.319,28.18,70,100,6.17,US,1724882729
161,st. john's,47.5649,-52.7093,20.54,83,75,8.23,CA,1724882730
162,zhaotong,27.3167,103.7167,18.42,86,6,0.37,CN,1724882732
163,aykhal,66.0,111.5,6.4,78,100,0.42,RU,1724882734
164,burnie,-41.0667,145.9167,9.05,71,40,7.2,AU,1724882735
165,saudarkrokur,65.7461,-19.6394,5.91,96,100,4.02,IS,1724882736
166,port elizabeth,-33.918,25.5701,9.16,79,100,8.75,ZA,1724882702
167,lautoka,-17.6167,177.4667,24.92,61,40,1.54,FJ,1724882738
168,yurgamysh,55.3714,64.4656,16.66,88,97,6.02,RU,1724882739
169,alexandria,31.2156,29.9553,27.08,70,0,3.03,EG,1724882542
170,nogliki,51.8333,143.1667,17.1,88,100,3.46,RU,1724882742
171,ciudad bolivar,8.1222,-63.5497,29.92,65,91,0.71,VE,1724882743
172,stanley,54.868,-1.6985,14.04,86,75,4.02,GB,1724882744
173,atafu village,-8.5421,-172.5159,28.25,74,0,7.19,TK,1724882745
174,trinidad,-14.8333,-64.9,29.99,39,8,0.0,BO,1724882746
175,forster,-32.1667,152.5167,19.6,70,5,4.89,AU,1724882747
176,al muwayh,22.4333,41.7583,31.23,37,56,6.77,SA,1724882748
177,qaqortoq,60.7167,-46.0333,5.92,99,100,5.41,GL,1724882749
178,nhamunda,-2.1861,-56.7131,30.84,40,33,0.54,BR,1724882584
179,kingston,17.997,-76.7936,31.53,74,75,6.17,JM,1724882695
180,potiskum,11.7091,11.0694,24.4,84,99,3.53,NG,1724882753
181,hilo,19.7297,-155.09,28.95,82,75,5.14,US,1724882754
182,kismayo,-0.3582,42.5454,24.55,85,74,5.55,SO,1724882755
183,tabou,4.423,-7.3528,23.26,92,100,2.68,CI,1724882756
184,barabinsk,55.3571,78.357,11.81,92,7,2.39,RU,1724882757
185,vila franca do campo,37.7167,-25.4333,23.23,64,23,1.91,PT,1724882758
186,karangampel,-6.4622,108.4519,25.14,69,100,2.85,ID,1724882759
187,palmer,42.1584,-72.3287,29.73,62,90,2.28,US,1724882273
188,sola,-13.8833,167.55,26.37,69,100,2.57,VU,1724882762
189,kapuskasing,49.4169,-82.4331,17.0,51,40,3.6,CA,1724882763
190,kailua-kona,19.6406,-155.9956,29.22,77,20,4.63,US,1724882764
191,kimbe,-5.5502,150.1429,27.95,74,56,1.49,PG,1724882765
192,mantua,45.1667,10.7833,24.99,79,3,0.55,IT,1724882615
193,benguela,-12.5763,13.4055,20.52,87,100,1.63,AO,1724882767
194,kotabumi,-4.8333,104.9,23.58,84,100,2.1,ID,1724882768
195,kabare,-2.4683,28.8242,17.71,84,73,0.88,CD,1724882769
196,zouerate,22.7187,-12.4521,33.12,17,4,8.48,MR,1724882770
197,sandakan,5.8402,118.1179,23.82,100,20,0.51,MY,1724882772
198,pangody,65.85,74.4859,11.43,90,61,3.93,RU,1724882773
199,ringkobing,56.0901,8.244,16.99,88,14,3.6,DK,1724882774
200,mbanza kongo,-6.267,14.2401,20.92,75,46,3.29,AO,1724882775
201,arak,34.0917,49.6892,23.75,30,3,2.18,IR,1724882776
202,guangyuan,32.442,105.823,23.76,89,99,1.95,CN,1724882577
203,yelizovo,53.1873,158.3805,18.08,55,0,6.0,RU,1724882779
204,port mathurin,-19.6833,63.4167,21.79,70,58,13.69,MU,1724882780
205,turiacu,-1.6633,-45.3717,25.04,86,100,2.33,BR,1724882775
206,enewetak,11.3474,162.3373,28.85,75,100,4.49,MH,1724882782
207,bandundu,-3.3167,17.3667,28.31,40,1,1.34,CD,1724882783
208,bir el hafey,34.9321,9.1932,23.48,60,60,1.6,TN,1724882784
209,kodiak,57.79,-152.4072,11.73,82,100,0.0,US,1724882785
210,iskateley,67.6803,53.1512,8.52,82,94,7.17,RU,1724882786
211,acarau,-2.8856,-40.12,25.48,81,42,8.15,BR,1724882788
212,fort stockton,30.894,-102.8793,33.98,30,20,0.45,US,1724882776
213,bereeda,11.8704,51.0579,29.76,66,100,2.64,SO,1724882791
214,bredasdorp,-34.5322,20.0403,4.66,72,64,4.0,ZA,1724882792
215,coahuayana de hidalgo,18.7,-103.6583,29.3,77,100,1.9,MX,1724882793
216,salalah,17.0151,54.0924,25.05,100,100,1.03,OM,1724882794
217,inhambane,-23.865,35.3833,22.41,93,0,3.5,MZ,1724882796
218,siuntio,60.1386,24.2272,15.36,90,100,2.45,FI,1724882797
219,kilindoni,-7.9139,39.6668,25.18,77,62,7.99,TZ,1724882798
220,inari,68.906,27.0288,11.48,79,75,2.44,FI,1724882799
221,la ronge,55.1001,-105.2842,25.12,35,75,4.63,CA,1724882497
222,cooma,-36.2333,149.1333,6.77,50,34,1.68,AU,1724882801
223,renton,47.4829,-122.2171,22.66,53,20,5.36,US,1724882802
224,flying fish cove,-10.4217,105.6791,23.82,83,75,5.14,CX,1724882803
225,weno,7.4515,151.8468,26.97,89,100,3.6,FM,1724882347
226,machico,32.7,-16.7667,25.0,64,20,4.63,PT,1724882355
227,lata,40.1629,-8.3327,16.13,98,83,0.39,PT,1724882807
228,happy valley-goose bay,53.3168,-60.3315,17.17,55,75,5.66,CA,1724882623
229,utrik,11.2278,169.8474,28.28,74,55,3.13,MH,1724882809
230,fort dodge,42.4975,-94.168,29.44,63,40,3.6,US,1724882810
231,kani keli,-12.9536,45.1033,23.59,71,2,3.12,YT,1724882811
232,lammi,61.0833,25.0167,12.25,91,49,2.26,FI,1724882812
233,dolores,-36.3132,-57.6792,9.34,83,54,3.32,AR,1724882813
234,touros,-5.1989,-35.4608,24.42,78,83,7.43,BR,1724882814
235,mendefera,14.8872,38.8153,16.35,92,97,2.2,ER,1724882815
236,moratalla,38.1893,-1.8918,23.14,65,4,2.03,ES,1724882817
237,east london,-33.0153,27.9116,11.48,49,1,9.41,ZA,1724882818
238,moab,38.5733,-109.5498,34.78,16,11,0.45,US,1724882819
239,jieshi,22.8134,115.8257,27.78,85,100,1.43,CN,1724882820
240,barranca,-10.75,-77.7667,17.18,78,37,4.82,PE,1724882821
241,tebessa,35.4042,8.1242,21.79,64,78,0.78,DZ,1724882822
242,cabo san lucas,22.8909,-109.9124,32.09,57,0,6.71,MX,1724882351
243,novyy chirkey,43.162,47.0559,23.55,66,67,5.77,RU,1724882824
244,davlekanovo,54.2215,55.0343,17.88,76,15,3.25,RU,1724882825
245,bealanana,-14.55,48.7333,13.57,91,79,2.03,MG,1724882828
246,mirny,62.5353,113.9611,5.2,89,67,1.41,RU,1724882829
247,bin yauri,10.7823,4.8114,23.82,94,96,1.53,NG,1724882830
248,saint-philippe,-21.3585,55.7679,20.69,71,40,6.86,RE,1724882562
249,igarka,67.4667,86.5833,10.19,96,59,2.21,RU,1724882419
250,egilsstadir,65.2653,-14.3948,7.35,92,100,1.28,IS,1724882833
251,taro,-8.3862,115.28,16.93,98,79,0.55,ID,1724882693
252,ancud,-41.8697,-73.8203,9.48,82,0,1.36,CL,1724882835
253,howrah,22.5892,88.3103,28.0,89,40,1.54,IN,1724882837
254,prado,-17.3411,-39.2208,21.92,72,25,4.93,BR,1724882467
255,lihue,21.9789,-159.3672,27.77,72,0,6.17,US,1724882364
256,yemetsk,63.4721,41.7941,11.87,80,100,2.2,RU,1724882840
257,alice springs,-23.7,133.8833,12.75,62,3,2.57,AU,1724882841
258,fale old settlement,-9.3852,-171.2468,28.1,75,7,7.26,TK,1724882599
259,kolasib,24.2333,92.7,21.16,98,75,0.32,IN,1724882843
260,ondjiva,-17.0667,15.7333,18.62,16,12,2.38,AO,1724882844
261,stephenville,32.2207,-98.2023,35.07,38,40,6.69,US,1724882846
262,plast,54.3691,60.8136,15.47,83,39,4.52,RU,1724882847
263,narsingdi,23.9208,90.7181,25.84,88,69,2.16,BD,1724882848
264,glace bay,46.1969,-59.957,19.94,93,100,5.14,CA,1724882849
265,howard springs,-12.497,131.047,21.95,82,6,2.31,AU,1724882850
266,panjab,34.388,67.0233,6.36,56,0,2.61,AF,1724882851
267,plainview,40.7765,-73.4673,33.21,61,20,2.57,US,1724882618
268,wanning,18.8003,110.3967,26.76,87,3,3.1,CN,1724882549
269,mount pearl,47.5166,-52.7813,20.08,85,100,2.68,CA,1724882818
270,lagunas,-5.2269,-75.6753,33.05,40,69,0.75,PE,1724882856
271,doembang nangbuat,14.8333,100.1,25.16,89,100,4.61,TH,1724882858
272,baharly,38.4362,57.4316,22.86,30,0,1.94,TM,1724882859
273,kuching,1.55,110.3333,26.12,99,40,1.03,MY,1724882860
274,cardenas,23.0375,-81.2047,31.42,82,100,4.84,CU,1724882861
275,tenterden,51.0685,0.6878,18.64,83,78,2.55,GB,1724882862
276,palikir - national government center,6.9248,158.1611,29.47,79,75,0.0,FM,1724882324
277,castro,-24.7911,-50.0119,12.94,62,11,1.91,BR,1724882865
278,toamasina,-18.1667,49.3833,20.84,82,34,3.75,MG,1724882866
279,fuyuan,46.4333,127.0833,18.04,97,60,3.5,CN,1724882867
280,qamdo,31.1667,97.2333,5.75,82,59,1.14,CN,1724882868
281,poronaysk,49.2167,143.1167,17.01,89,75,1.98,RU,1724882869
282,vadso,70.0744,29.7487,9.09,81,40,2.06,NO,1724882870
283,vilyuchinsk,52.9306,158.4028,18.15,72,5,4.93,RU,1724882871
284,meulaboh,4.1363,96.1285,23.89,88,100,1.67,ID,1724882872
285,la'ie,21.6477,-157.9253,27.98,74,28,2.24,US,1724882563
286,kapit,2.0167,112.9333,22.59,100,100,0.34,MY,1724882876
287,minas de marcona,-15.2119,-75.1103,13.64,70,18,6.22,PE,1724882877
288,ceeldheer,3.8488,47.1806,25.82,80,85,6.0,SO,1724882878
289,qarazhal,48.0078,70.7903,14.8,51,6,5.65,KZ,1724882879
290,brisas de zicatela,15.8369,-97.0419,29.78,72,75,2.63,MX,1724882880
291,bodo,67.28,14.405,13.21,89,75,2.57,NO,1724882756
292,codrington,-38.2667,141.9667,7.88,90,73,4.71,AU,1724882314
293,fraserburgh,57.6874,-2.0184,13.75,89,100,2.18,GB,1724882884
294,langzhong,31.5504,105.9938,27.15,78,72,2.06,CN,1724882885
295,kuala terengganu,5.3302,103.1408,25.55,86,100,2.11,MY,1724882887
296,tchintabaraden,15.8969,5.7985,30.62,50,97,5.88,NE,1724882888
297,polyarnyy,69.1989,33.4478,10.88,72,99,3.13,RU,1724882371
298,gadzhiyevo,69.2551,33.3362,10.78,73,100,3.16,RU,1724882393
299,keflavik,64.0049,-22.5624,8.24,87,0,4.63,IS,1724882891
300,fortuna,40.5982,-124.1573,22.74,67,0,6.17,US,1724882892
301,ponta delgada,37.7333,-25.6667,23.4,73,20,2.06,PT,1724882894
302,shingu,33.7333,135.9833,24.59,96,100,2.38,JP,1724882895
303,siwa oasis,29.2041,25.5195,32.1,31,6,7.5,EG,1724882896
304,tatishchevo,51.6703,45.5953,19.11,39,91,0.54,RU,1724882897
305,horta,38.5333,-28.6333,23.34,76,48,4.92,PT,1724882898
306,cide,41.8921,33.0044,22.02,69,2,2.44,TR,1724882899
307,firuzabad,28.8438,52.5707,28.93,41,1,1.85,IR,1724882900
308,mount isa,-20.7333,139.5,13.87,62,98,1.03,AU,1724882327
309,nemuro,43.3236,145.575,17.74,100,100,0.76,JP,1724882902
310,terrace,54.5163,-128.6035,16.95,63,100,4.12,CA,1724882904
311,pacific grove,36.6177,-121.9166,22.99,81,20,4.02,US,1724882905
312,aibak,36.2647,68.0155,20.72,31,0,2.22,AF,1724882906
313,afaahiti,-17.75,-149.2833,24.32,85,34,6.01,PF,1724882907
314,mao,39.8885,4.2658,24.31,83,0,1.03,ES,1724882663
315,bengkulu,-3.8004,102.2655,24.18,91,100,3.29,ID,1724882326
316,sao gabriel da cachoeira,-0.1303,-67.0892,29.29,59,59,1.22,BR,1724882911
317,tual,-5.6667,132.75,25.72,81,92,8.77,ID,1724882327
318,al jubayl,27.0112,49.6583,34.47,48,0,3.84,SA,1724882652
319,buka,40.8108,69.1986,17.03,47,1,0.67,UZ,1724882916
320,ottumwa,41.02,-92.4113,31.61,64,55,0.89,US,1724882917
321,cananeia,-25.0147,-47.9267,15.56,88,81,1.0,BR,1724882918
322,bushehr,28.9684,50.8385,33.02,78,0,4.89,IR,1724882919
323,colomadu,-7.5333,110.75,22.3,83,95,6.05,ID,1724882920
324,dedougou,12.4667,-3.4667,24.49,83,70,2.58,BF,1724882921
325,susuman,62.7833,148.1667,3.87,69,82,1.81,RU,1724882922
326,kenai,60.5544,-151.2583,13.34,93,100,2.06,US,1724882406
327,hami,42.8,93.45,28.86,24,9,3.17,CN,1724882925
328,cabedelo,-6.9811,-34.8339,25.37,78,56,7.32,BR,1724882478
329,mhamid,29.82,-5.72,35.01,8,67,1.96,MA,1724882927
330,ust-nera,64.5667,143.2,5.09,86,100,3.15,RU,1724882928
331,ixtapa,20.7,-105.2,32.35,74,75,4.12,MX,1724882929
332,nishinoomote,30.7333,131.0,27.66,86,100,16.78,JP,1724882930
333,arauquita,7.0292,-71.4281,24.89,96,85,1.09,CO,1724882931
334,beidaihehaibin,39.8222,119.5181,21.17,85,11,2.04,CN,1724882932
335,khovd,48.0056,91.6419,15.44,36,15,2.07,MN,1724882935
336,callao,-12.0667,-77.15,20.95,77,100,5.14,PE,1724882936
337,ocean shores,46.9737,-124.1563,20.0,70,0,4.12,US,1724882937
338,semnan,35.5729,53.3971,24.43,44,21,1.95,IR,1724882938
339,pont rouge,48.8833,-72.0825,16.33,53,48,3.04,CA,1724882939
340,irymple,-34.25,142.1667,9.1,80,0,2.44,AU,1724882940
341,asia,9.5506,122.5164,26.39,81,100,1.62,PH,1724882941
342,salvacion,7.9833,126.1333,23.05,99,100,0.68,PH,1724882942
343,valparaiso,-33.0393,-71.6273,13.41,98,100,1.54,CL,1724882944
344,moyynkum,44.2914,72.9469,17.55,72,6,2.42,KZ,1724882945
345,oranjemund,-28.55,16.4333,10.9,67,0,10.69,NA,1724882534
346,gualeguay,-33.1416,-59.3097,13.8,71,73,3.4,AR,1724882947
347,kaa-khem,51.6833,94.7333,10.66,70,35,2.09,RU,1724882949
348,whittlesea,-32.1759,26.8244,0.35,65,3,3.07,ZA,1724882950
349,kirakira,-10.4544,161.9205,26.84,75,78,5.83,SB,1724882951
350,harihar,14.5167,75.8,21.29,90,71,5.14,IN,1724882953
351,belle fourche,44.6714,-103.8522,24.07,34,0,7.82,US,1724882954
352,tsiombe,-25.3,45.4833,21.02,57,0,1.19,MG,1724882955
353,portland,45.5234,-122.6762,25.32,45,0,3.6,US,1724882956
354,ho chi minh city,10.75,106.6667,26.01,86,75,3.6,VN,1724882957
355,marco island,25.9363,-81.7157,24.0,65,76,3.38,US,1724882958
356,lerwick,60.1545,-1.1494,13.29,95,100,10.28,GB,1724882378
357,altay,47.8667,88.1167,15.68,41,4,1.57,CN,1724882409
358,mount gambier,-37.8333,140.7667,9.76,85,87,2.5,AU,1724882637
359,vorzel',50.5444,30.153,25.7,41,93,2.86,UA,1724882962
360,port moresby,-9.4431,147.1797,25.1,73,60,1.59,PG,1724882964
361,ambovombe,-25.1667,46.0833,21.4,64,0,3.92,MG,1724882965
362,salinopolis,-0.6136,-47.3561,26.83,81,65,5.72,BR,1724882967
363,kovdor,67.5662,30.4758,12.61,85,100,4.16,RU,1724882968
364,lorengau,-2.0226,147.2712,28.91,75,81,4.38,PG,1724882969
365,ulsteinvik,62.3432,5.8487,15.5,81,100,2.78,NO,1724882625
366,alofi,-19.0595,-169.9187,23.94,73,75,5.14,NU,1724882971
367,melekeok village,7.4957,134.6367,27.31,89,100,2.57,PW,1724882973
368,ha tinh,18.3333,105.9,25.77,84,47,1.31,VN,1724882974
369,la passe,45.5549,-0.8967,18.54,89,37,4.14,FR,1724882390
370,rio grande,-32.035,-52.0986,12.39,85,3,5.59,BR,1724882976
371,targuist,34.9377,-4.3186,22.03,71,99,0.94,MA,1724882977
372,briviesca,42.5499,-3.3232,15.59,96,69,2.84,ES,1724882978
373,xiaoshan,30.1675,120.2588,26.92,94,40,1.0,CN,1724882979
374,"laikit, laikit ii (dimembe)",1.4792,124.9735,23.47,88,20,2.06,ID,1724882980
375,pisco,-13.7,-76.2167,18.03,72,0,7.72,PE,1724882981
376,obo,5.3998,26.4869,20.39,98,100,1.54,CF,1724882982
377,douz,33.4663,9.0203,26.64,61,25,6.22,TN,1724882768
378,say,13.1007,2.3689,26.81,76,67,4.01,NE,1724882985
379,vanino,49.0869,140.2543,17.91,86,86,1.07,RU,1724882986
380,usinsk,65.9939,57.5281,10.2,74,28,6.74,RU,1724882987
381,westport,41.1415,-73.3579,31.98,68,0,3.09,US,1724882988
382,bardai,11.65,7.2333,21.76,95,91,2.57,NG,1724882989
383,daru,-9.0763,143.2092,25.45,79,99,5.83,PG,1724882990
384,yeppoon,-23.1333,150.7333,18.91,78,21,1.73,AU,1724882991
385,malanje,-9.5402,16.341,21.05,57,1,3.84,AO,1724882992
386,santa cruz,-17.8,-63.1667,27.7,36,19,3.6,BO,1724882917
387,kristiansund,63.1115,7.732,16.36,88,75,2.06,NO,1724882995
388,belmonte,-15.8631,-38.8828,23.29,73,98,6.66,BR,1724882996
389,yung shue wan,22.2333,114.1167,28.75,84,100,1.26,HK,1724882997
390,copala,16.65,-98.9833,29.58,64,22,3.29,MX,1724882998
391,jalqani,12.4486,34.2186,22.01,91,100,3.35,SD,1724882999
392,mermoz boabab,14.7065,-17.4758,27.35,89,100,6.69,SN,1724883000
393,fort st. john,56.2499,-120.8529,21.89,32,3,4.61,CA,1724883001
394,carnarvon,-24.8667,113.6333,19.6,77,11,6.04,AU,1724883003
395,saldanha,-33.0117,17.9442,9.3,58,80,5.57,ZA,1724883004
396,iquique,-20.2208,-70.1431,15.11,77,72,0.62,CL,1724883005
397,tabas,33.5959,56.9244,29.13,17,6,1.42,IR,1724883006
398,simenqian,27.4872,110.8861,21.5,93,26,1.13,CN,1724883007
399,hammerfest,70.6634,23.6821,11.25,82,100,1.54,NO,1724883008
400,san matias,-16.3667,-58.4,30.63,17,54,1.21,BO,1724883009
401,berezovyy,51.6667,135.7,18.1,79,98,2.46,RU,1724883010
402,bani walid,31.7566,13.9942,25.9,64,8,3.95,LY,1724883011
403,tofol,5.3248,163.0078,28.88,84,75,1.03,FM,1724882747
404,pampas,-12.4,-74.9,12.2,47,51,4.48,PE,1724883014
405,nueve de julio,-35.4444,-60.8831,14.42,58,100,3.39,AR,1724882863
406,kattivakkam,13.2167,80.3167,28.41,86,100,5.64,IN,1724883016
407,lukolela,-1.0605,17.1821,27.03,48,88,2.05,CD,1724883017
408,rio verde de mato grosso,-18.9181,-54.8442,29.35,19,69,2.42,BR,1724883018
409,rongelap,11.1635,166.8941,28.55,72,100,3.63,MH,1724883019
410,port saint john's,-31.6229,29.5448,12.76,45,5,8.01,ZA,1724883020
411,den chai,17.9837,100.0522,23.56,98,100,0.88,TH,1724883021
412,kontcha,7.9667,12.2333,21.89,96,100,1.57,CM,1724883022
413,palangkaraya,-2.2,113.8333,22.33,99,100,0.34,ID,1724883024
414,eforie sud,44.0229,28.6494,23.22,68,15,0.47,RO,1724883025
415,les cayes,18.2,-73.75,29.86,70,61,2.47,HT,1724883026
416,lilongwe,-13.9669,33.7873,20.98,68,36,1.32,MW,1724883027
417,richards bay,-28.783,32.0377,17.01,78,100,6.36,ZA,1724883028
418,betio village,1.358,172.9211,31.02,78,100,5.58,KI,1724883029
419,saint-pierre,-21.3393,55.4781,18.82,68,0,1.54,RE,1724883030
420,surab,28.4914,66.2585,22.62,66,95,1.22,PK,1724883031
421,luena,-11.7833,19.9167,17.1,24,5,1.2,AO,1724883033
422,bafra,41.5678,35.9069,21.63,82,55,1.76,TR,1724883034
423,paita,-5.0892,-81.1144,18.97,78,14,7.16,PE,1724883035
424,al bayda',32.7627,21.7551,22.74,64,0,3.69,LY,1724883036
425,kamaishi,39.2667,141.8833,23.72,91,100,2.12,JP,1724883037
426,lucapa,-8.4192,20.7447,22.88,30,6,0.99,AO,1724883038
427,suva,-18.1416,178.4415,22.71,94,75,4.12,FJ,1724882973
428,soroca,48.1558,28.2975,19.41,69,72,2.25,MD,1724883040
429,thung song,8.1645,99.6804,23.14,96,100,1.5,TH,1724883041
430,lodwar,3.1191,35.5973,29.0,48,17,10.27,KE,1724883042
431,newport,51.5877,-2.9984,15.3,89,4,4.05,GB,1724882939
432,thurso,58.5927,-3.5259,12.14,91,97,1.94,GB,1724883045
433,mili,6.0815,171.735,29.01,73,47,5.45,MH,1724883046
434,dyersburg,36.0345,-89.3856,36.6,32,0,2.06,US,1724883047
435,amherstburg,42.1168,-83.0499,29.42,89,0,0.0,CA,1724883048
436,ararat,39.8317,44.7049,23.69,35,10,1.59,AM,1724882870
437,tenenkou,14.4572,-4.9169,27.83,68,50,4.57,ML,1724883050
438,bilopillya,51.1502,34.3129,20.66,43,96,3.83,UA,1724883051
439,praia da vitoria,38.7333,-27.0667,22.64,78,51,2.69,PT,1724883052
440,xiaolingwei,32.0333,118.85,24.08,97,10,1.8,CN,1724883054
441,nakhon pathom,13.9833,100.0833,24.8,91,100,2.55,TH,1724883055
442,leh,34.1667,77.5833,11.8,68,100,2.93,IN,1724882817
443,san luis de la loma,17.2706,-100.8939,29.96,71,64,3.0,MX,1724882621
444,guiuan,11.0333,125.7247,28.61,79,100,4.32,PH,1724883058
445,bali chak,22.3667,87.55,26.19,91,39,1.89,IN,1724883059
446,santa ana,33.7456,-117.8678,30.82,53,20,5.66,US,1724882510
447,syktyvkar,61.6764,50.8099,12.85,76,0,2.0,RU,1724883061
448,lompoc,34.6391,-120.4579,23.23,67,0,6.17,US,1724883062
449,bumba,2.1833,22.4667,22.53,96,100,0.74,CD,1724883064
450,prince rupert,54.3161,-130.3201,13.05,100,100,4.12,CA,1724883065
451,bikenibeu village,1.3673,173.1241,30.98,70,40,4.63,KI,1724882616
452,longmen,24.9597,118.0889,24.96,96,71,1.26,CN,1724883067
453,sitka,57.0531,-135.33,15.94,77,75,3.09,US,1724883068
454,katabu,-4.9333,122.5167,24.42,77,99,1.5,ID,1724883069
455,ejigbo,7.9,4.3167,22.38,97,100,2.53,NG,1724883070
456,hamah,35.1318,36.7578,23.66,77,0,2.63,SY,1724883071
457,baoqing,46.3317,132.2111,19.04,90,7,2.32,CN,1724883072
458,kerikeri,-35.2268,173.9474,16.62,92,100,4.04,NZ,1724883074
459,tulu bolo,8.6667,38.2167,13.37,87,99,1.05,ET,1724883075
460,chui,-33.6971,-53.4616,9.64,87,58,3.0,UY,1724883076
461,uliastay,47.7417,96.8444,11.01,36,6,2.53,MN,1724883077
462,hasaki,35.7333,140.8333,26.67,83,100,1.81,JP,1724883078
463,gandajika,-6.75,23.95,29.98,24,75,0.78,CD,1724882561
464,new norfolk,-42.7826,147.0587,8.29,94,100,4.59,AU,1724883080
465,bilao,11.488,122.5599,23.96,100,100,1.23,PH,1724883081
466,chibougamau,49.9168,-74.3659,14.79,51,0,5.14,CA,1724882550
467,cidade velha,14.9167,-23.6167,27.26,74,40,4.63,CV,1724883084
468,mahina,-17.5065,-149.489,27.87,74,40,7.2,PF,1724883013
469,tyrnyauz,43.3828,42.9183,15.27,75,20,4.85,RU,1724883086
470,lagos,6.5833,3.75,23.79,95,94,1.72,NG,1724882477
471,island harbour,50.724,-1.2758,17.77,74,53,0.89,GB,1724883089
472,brigantine,39.4101,-74.3646,33.41,78,26,2.68,US,1724883090
473,lyndon,38.2567,-85.6016,35.86,42,20,5.14,US,1724882907
474,tuquerres,1.0923,-77.6209,13.29,58,28,3.99,CO,1724883093
475,kotel'nich,58.3089,48.348,12.66,83,32,2.57,RU,1724883095
476,kachug,53.9606,105.8817,10.2,95,63,1.51,RU,1724883096
477,zima,53.9202,102.0442,10.6,94,68,1.99,RU,1724883097
478,pune,18.5196,73.8553,24.21,90,85,2.55,IN,1724883014
479,berettyoujfalu,47.2167,21.55,23.17,44,12,2.92,HU,1724883100
480,mogi das cruzes,-23.5228,-46.1883,10.6,98,42,1.99,BR,1724883055
481,vorkuta,67.5,64.0,7.73,90,75,4.6,RU,1724883105
482,malpica,43.3228,-8.8105,19.1,97,92,4.71,ES,1724883106
483,penha,-26.7694,-48.6458,16.93,77,75,3.09,BR,1724883107
484,grand falls-windsor,48.9332,-55.6649,18.06,90,100,7.04,CA,1724883108
485,gaigeturi,33.4644,126.3183,27.27,80,27,10.9,KR,1724883109
486,meizhou,24.2977,116.1072,24.79,96,91,1.11,CN,1724883110
487,ormara,25.2088,64.6357,26.91,89,100,3.25,PK,1724883111
488,bozkurt,41.9577,34.0109,20.18,72,1,1.88,TR,1724883112
489,floro,61.5996,5.0328,17.98,68,100,7.72,NO,1724883114
490,acapulco de juarez,16.8634,-99.8901,31.9,55,40,4.12,MX,1724883115
491,cockburn town,21.4612,-71.1419,28.91,76,8,8.21,TC,1724883116
492,aripuana,-9.1667,-60.6333,30.75,25,0,0.73,BR,1724883117
493,tralee,52.2704,-9.7026,11.17,93,9,3.16,IE,1724883118
494,thabazimbi,-24.5917,27.4116,17.05,15,0,2.23,ZA,1724883119
495,langsa,4.4683,97.9683,23.22,93,99,0.82,ID,1724883120
496,palamedu,10.1167,78.1167,25.93,72,100,1.86,IN,1724883121
497,preobrazheniye,42.9019,133.9064,19.92,81,70,1.31,RU,1724883122
498,andergrove,-21.0833,149.1833,18.95,93,81,2.02,AU,1724883124
499,kelso,46.1468,-122.9084,24.92,41,0,4.12,US,1724883125
500,kerman,30.2832,57.0788,26.33,15,0,0.49,IR,1724883126
501,puerto madero,14.7208,-92.4215,32.11,62,20,5.14,MX,1724883127
502,zhatay,62.1594,129.8294,8.03,93,40,2.0,RU,1724883128
503,iguape,-24.7081,-47.5553,16.2,89,22,2.83,BR,1724883129
504,faya-largeau,17.9257,19.1043,29.7,57,64,3.83,TD,1724883130
505,malango,-2.9627,119.9001,18.43,98,100,0.57,ID,1724883131
506,kolokani,13.5728,-8.0339,23.64,85,100,3.19,ML,1724883132
507,as sulayyil,20.4607,45.5779,34.93,13,84,3.9,SA,1724883134
508,margate,51.3813,1.3862,20.94,75,76,4.31,GB,1724882940
509,soio,-6.1349,12.3689,21.64,90,12,3.2,AO,1724883136
510,saipan,15.1355,145.701,28.39,89,100,7.72,MP,1724883137
511,esmeralda,21.8525,-78.1169,31.1,60,74,6.2,CU,1724883138
512,dokshytsy,54.8924,27.7689,15.68,77,6,3.02,BY,1724883139
513,kalibo (poblacion),11.7061,122.3644,23.99,85,100,1.55,PH,1724883140
514,den burg,53.0542,4.7972,18.98,94,53,1.03,NL,1724883141
515,nha trang,12.25,109.1833,27.0,82,100,2.43,VN,1724883143
516,saynshand,44.8824,110.1163,21.94,48,62,4.22,MN,1724883144
517,ola,59.5833,151.2833,9.21,55,43,3.92,RU,1724883145
518,wewak,-3.5534,143.6268,26.55,82,14,1.77,PG,1724883147
519,jaleshwar,26.6471,85.8008,28.46,75,75,1.26,NP,1724883149
520,staraya vichuga,57.2683,41.8787,13.46,80,27,1.2,RU,1724883150
521,nar'yan-mar,67.6713,53.087,8.53,82,92,7.16,RU,1724883152
522,pindushi,62.9152,34.58,13.3,81,98,1.94,RU,1724883153
523,luwuk,-0.9516,122.7875,21.2,91,72,1.91,ID,1724883154
524,shenjiamen,29.9576,122.298,26.79,89,0,2.6,CN,1724883155
525,mananjary,-21.2167,48.3333,19.9,87,85,2.77,MG,1724883156
526,torghay,49.6339,63.4981,17.17,39,1,1.67,KZ,1724883157
527,santa marta,11.2408,-74.199,32.16,68,40,1.54,CO,1724883158
528,at taj,24.2049,23.2857,33.85,25,61,7.83,LY,1724883159
529,zapolyarnyy,69.4154,30.8136,11.24,81,100,2.48,RU,1724883160
530,pangkalanbuun,-2.6833,111.6167,22.26,100,91,0.85,ID,1724883163
531,tongouson,5.0214,120.1328,27.35,80,100,1.45,PH,1724883164
532,yahyali,38.1023,35.357,18.87,46,3,2.11,TR,1724883165
533,zamora,-4.0692,-78.9567,22.3,84,79,1.56,EC,1724883166
534,kodinsk,58.6881,99.1844,7.53,93,67,0.66,RU,1724883167
535,napili-honokowai,20.9708,-156.6705,29.1,78,18,5.93,US,1724883169
536,nova vicosa,-17.8919,-39.3719,22.82,66,58,5.11,BR,1724883171
537,saint-joseph,-21.3667,55.6167,18.21,70,41,6.07,RE,1724883172
538,zhezqazghan,47.7833,67.7667,16.42,46,0,6.51,KZ,1724883173
539,sinop,41.7711,34.8709,17.15,88,11,2.5,TR,1724883174
540,karratha,-20.7377,116.8463,22.39,31,24,4.63,AU,1724883175
541,puerto santa,-8.9906,-78.6456,18.09,79,34,5.48,PE,1724883176
542,charters towers,-20.1,146.2667,19.16,81,26,2.89,AU,1724883177
543,fernley,39.608,-119.2518,34.56,12,0,2.24,US,1724883178
544,plastun,44.7561,136.2939,18.03,84,100,0.83,RU,1724883179
545,helena valley southeast,46.6153,-111.9216,18.45,37,87,6.71,US,1724883181
546,datca,36.7378,27.6842,25.25,70,0,3.09,TR,1724883182
547,pokhara,28.2333,83.9833,21.49,89,100,1.08,NP,1724883183
548,balkanabat,39.5108,54.3671,26.29,26,0,6.16,TM,1724883184
549,port isabel,26.0734,-97.2086,29.02,82,0,3.6,US,1724882704
550,merizo village,13.2658,144.6691,28.88,91,99,6.33,GU,1724883186
551,mishan,45.55,131.8833,18.86,90,1,0.67,CN,1724883187
552,suez,29.9737,32.5263,26.2,67,84,5.48,EG,1724883188
553,bouca,6.5105,18.2733,21.58,97,100,1.43,CF,1724883190
554,makoua,0.0069,15.6333,27.37,52,100,1.25,CG,1724882895
555,taroa,8.7058,171.2275,28.39,75,75,4.49,MH,1724883192
556,barcelos,41.5388,-8.6151,17.09,97,40,1.72,PT,1724883193
557,el granada,37.5027,-122.4694,27.22,65,20,6.69,US,1724883194
558,winnemucca,40.973,-117.7357,26.67,17,0,4.32,US,1724883195
559,chhor,25.5167,69.7667,26.76,83,100,8.42,PK,1724883196
560,nandyal,15.4833,78.4833,25.68,74,99,5.87,IN,1724882952
561,mossel bay,-34.1831,22.146,7.93,62,64,7.34,ZA,1724883198
562,sekong,-6.3996,106.0252,21.67,89,99,1.03,ID,1724883200
563,mogocha,53.7333,119.7667,9.48,83,29,0.72,RU,1724883201
564,axim,4.8699,-2.2405,23.59,92,99,2.76,GH,1724883202
565,zeya,53.75,127.2667,11.85,88,99,0.25,RU,1724883203
566,greytown,-29.0642,30.5928,8.22,91,100,2.45,ZA,1724883204
567,yreka,41.7354,-122.6345,30.1,27,0,1.54,US,1724883205
568,manta,-0.95,-80.7333,27.88,61,75,5.66,EC,1724883206
